{"count":1,"self":9.584689599999999,"total":20.817051499999998,"children":{"InitializeActuators":{"count":31,"self":0.0009994,"total":0.0009994,"children":null},"InitializeSensors":{"count":31,"self":0.0009979,"total":0.0009979,"children":null},"AgentSendState":{"count":1369,"self":0.0365648,"total":1.6999743999999999,"children":{"CollectObservations":{"count":6302,"self":1.5477269999999999,"total":1.5477269999999999,"children":null},"WriteActionMask":{"count":6302,"self":0.0080778,"total":0.0080778,"children":null},"RequestDecision":{"count":6302,"self":0.0341247,"total":0.1076048,"children":{"AgentInfo.ToProto":{"count":6302,"self":0.019742799999999998,"total":0.073480099999999993,"children":{"GenerateSensorData":{"count":6302,"self":0.053737299999999995,"total":0.053737299999999995,"children":null}}}}}}},"DecideAction":{"count":1369,"self":9.4521015999999989,"total":9.4521017,"children":null},"AgentAct":{"count":1369,"self":0.077289799999999992,"total":0.077289799999999992,"children":null}},"gauges":{},"metadata":{"timer_format_version":"0.1.0","start_time_seconds":"1722513184","unity_version":"2021.3.8f1","command_line_arguments":"C:\\Program Files\\Unity 2021.3.8f1\\Editor\\Unity.exe -projectpath C:\\Users\\theod\\Master_project -useHub -hubIPC -cloudEnvironment production -licensingIpc LicenseClient-theod -hubSessionId 23cfbef9-a159-44e6-9db0-b6192cd6087b -accessToken WVGkgRmv7nDwAVL_fDaQIJYvustHdqgZ-YkqWKmZvBU001f","communication_protocol_version":"1.5.0","com.unity.ml-agents_version":"2.0.1","scene_name":"Main Scene","end_time_seconds":"1722513204"}}