{"count":1,"self":16.993095999999998,"total":17.4380553,"children":{"InitializeActuators":{"count":6,"self":0.0009996,"total":0.0009996,"children":null},"InitializeSensors":{"count":6,"self":0.0010027999999999999,"total":0.0010027999999999999,"children":null},"AgentSendState":{"count":1251,"self":0.0076216999999999995,"total":0.3847887,"children":{"CollectObservations":{"count":1506,"self":0.3710848,"total":0.3710848,"children":null},"WriteActionMask":{"count":1506,"self":0.0015076999999999998,"total":0.0015076999999999998,"children":null},"RequestDecision":{"count":1506,"self":0.0045745,"total":0.0045745,"children":null}}},"DecideAction":{"count":1251,"self":0.014066899999999999,"total":0.014066899999999999,"children":null},"AgentAct":{"count":1251,"self":0.043101099999999996,"total":0.043101099999999996,"children":null}},"gauges":{},"metadata":{"timer_format_version":"0.1.0","start_time_seconds":"1720093944","unity_version":"2021.3.8f1","command_line_arguments":"C:\\Program Files\\Unity 2021.3.8f1\\Editor\\Unity.exe -projectpath C:\\Users\\theod\\Master_project -useHub -hubIPC -cloudEnvironment production -licensingIpc LicenseClient-theod -hubSessionId 112b2c17-5244-4c8b-8e2f-a169f6a53111 -accessToken 0tEhcFT7ZxGOQU4m5cIot0GaPNUGAfrZNLHiX_Qnj4U001f","communication_protocol_version":"1.5.0","com.unity.ml-agents_version":"2.0.1","scene_name":"Main Scene","end_time_seconds":"1720093961"}}